Project Name,Country,Start Date,Capacity (kt H2/y),Length (km),Investment Cost (MUSD),Source,Date Online,Technology,Capacity Change (Simulated),Country_Name,Continent,Region
Oskarshamn nuclear plant,SWE,,0.7000000,,0.1186409,Production,1992,Unknown,1.999978352,Sweden,Europe,Northern Europe
TPJ Jesenice,SVN,,0.3500000,,0.0606387,Production,2000,Unknown,1.999995189,Slovenia,Europe,South East Europe
Grimstad Renewable Energy Park,NOR,,0.0500000,,0.0084743,Production,2000,Unknown,1.999990379,Norway,Europe,Northern Europe
Thermal Power Plant Sostanj,SVN,,0.1000000,,0.0173253,Production,2000,Unknown,1.999992784,Slovenia,Europe,South East Europe
PVFCSYS Sophia Antipolis,FRA,,0.0036000,,0.0006102,Production,2000,Unknown,1.999988147,France,Europe,Western Europe
FIRST - Showcase II,ESP,,0.0010000,,0.0001499,Production,2000,Unknown,1.999988021,Spain,Europe,South West Europe
ECTOS,ISL,,0.2760000,,0.0467784,Production,2003,Unknown,1.999998749,Iceland,Europe,Northern Europe
"CUTE, Stockholm",SWE,,0.3000000,,0.0508461,Production,2003,Unknown,1.999997595,Sweden,Europe,Northern Europe
Laboratory System at IFE Kjeller Phase 1,NOR,,0.0036400,,0.0005457,Production,2003,Unknown,1.999988148,Norway,Europe,Northern Europe
"Porto, CUTE",PRT,,0.3000000,,0.0508461,Production,2003,Unknown,1.999997595,Portugal,Europe,South West Europe
"HyFLEET:CUTE, Amesterdam",NLD,,0.3000000,,0.0508461,Production,2003,Unknown,1.999997595,Netherlands,Europe,Western Europe
"HyFLEET:CUTE, Hamburg",DEU,,0.2760000,,0.0467784,Production,2003,Unknown,4.999998749,Germany,Europe,Western Europe
"HARI project, West Beacon Farm",GBR,,0.0340000,,0.0057626,Production,2004,Unknown,1.999989609,United Kingdom,Europe,Western Europe
PVFCSYS Agrate,ITA,,0.0034000,,0.0005763,Production,2004,Unknown,1.999988137,Italy,Europe,Southern Europe
Aeropila,ESP,,0.0026000,,0.0003898,Production,2004,Unknown,1.999988098,Spain,Europe,South West Europe
Utsira Island,NOR,,0.0480000,,0.0081354,Production,2004,Unknown,1.999990282,Norway,Europe,Northern Europe
"PURE Project, Unst",GBR,,0.0150000,,0.0025423,Production,2005,Unknown,1.999988695,United Kingdom,Europe,Western Europe
GenHyPEM (R&D),DEU,,0.0327600,,0.0049117,Production,2005,Unknown,4.999989549,Germany,Europe,Western Europe
"CUTE and HyFLEET:CUTE, Barcelona",ESP,,0.3000000,,0.0508461,Production,2006,Unknown,1.999997595,Spain,Europe,South West Europe
Hydrogen village Burgenland,AUT,,0.0104000,,0.0015593,Production,2006,Unknown,1.999988474,Austria,Europe,Central Europe
"Vestenskov/ Nakskov Industrial and Environmental Park, Lolland",DNK,,0.0832000,,0.0124742,Production,2007,Unknown,1.999991976,Denmark,Europe,Northern Europe
"H2 from the sun, Brunate",ITA,,0.0070000,,0.0011864,Production,2007,Unknown,1.99998831,Italy,Europe,Southern Europe
RES2H2 Gran Canaria,ESP,,0.0550000,,0.0093218,Production,2007,Unknown,1.999990619,Spain,Europe,South West Europe
Baglan Energy Park Wales,GBR,,0.0460000,,0.0077964,Production,2008,Unknown,1.999990186,United Kingdom,Europe,Western Europe
"Stand-alone power system, Neo Olvio of Xanthi",GRC,,0.0036400,,0.0005457,Production,2008,Unknown,1.999988148,Greece,Europe,South East Europe
"Hidrolica, Tahivilla",ESP,,0.0410000,,0.0061472,Production,2008,Unknown,1.999989946,Spain,Europe,South West Europe
IHAVU,ESP,,0.0002250,,0.0000390,Production,2008,Unknown,1.999987984,Spain,Europe,South West Europe
Hydrogen Wind Farm Sotavento,ESP,,0.3000000,,0.0508461,Production,2008,Onshore wind,1.999997595,Spain,Europe,South West Europe
Regenerativer Energipark Ostfalia/hybrid renewable energy park (HREP),DEU,,0.0060000,,0.0010169,Production,2009,Unknown,4.999988262,Germany,Europe,Western Europe
Neo Olvio of Xanthi,GRC,,0.0040000,,0.0005997,Production,2009,Unknown,1.999988166,Greece,Europe,South East Europe
"ETOGAS, Solar Fuel Alpha-plant 250 kW, ZSW",DEU,,0.2500000,,0.0423717,Production,2009,Unknown,5.0,Germany,Europe,Western Europe
AltHytude,FRA,,0.0800000,,0.0135590,Production,2009,Unknown,1.999991822,France,Europe,Western Europe
The Hydrogen office,GBR,,0.0243800,,0.0041321,Production,2010,Unknown,1.999989146,United Kingdom,Europe,Western Europe
Narva power plant ELY,EST,,0.1442974,,0.0250000,Production,2010,Unknown,6.999994915,Estonia,Europe,Eastern Europe
H2KT - Hydrogen Energy Storage in Nuuk,DNK,,0.0874000,,0.0148132,Production,2010,Unknown,1.999992178,Denmark,Europe,Northern Europe
Primolyzer (R&D),DNK,,0.0052000,,0.0007796,Production,2010,Unknown,1.999988223,Denmark,Europe,Northern Europe
H2SusBuild / RES-H2,GRC,,0.0184000,,0.0031186,Production,2010,Unknown,1.999988858,Greece,Europe,South East Europe
ITHER,ESP,,0.0650000,,0.0110167,Production,2010,Unknown,1.9999911,Spain,Europe,South West Europe
H2SusBuild,GRC,,0.2200000,,0.0381157,Production,2010,Unknown,1.999998557,Greece,Europe,South East Europe
"EnBW H2 station, Stuttgart",DEU,,0.3000000,,0.0508461,Production,2011,Unknown,4.999997595,Germany,Europe,Western Europe
RABH2,GBR,,0.0050000,,0.0008474,Production,2011,Unknown,1.999988214,United Kingdom,Europe,Western Europe
"Hybrid Power Plant Enertrag, Prenzlau",DEU,,0.5000000,,0.0847435,Production,2011,Unknown,4.999987973,Germany,Europe,Western Europe
"Hamburg Hafen City, CEP",DEU,,0.6000000,,0.1016922,Production,2011,Unknown,4.999983163,Germany,Europe,Western Europe
DNV Kema/DNV GL,NLD,,0.0100000,,0.0014993,Production,2011,Unknown,1.999988454,Netherlands,Europe,Western Europe
Green Natural Gas,DNK,,0.0400000,,0.0082067,Production,2011,Unknown,1.999989898,Denmark,Europe,Northern Europe
RESelyser (R&D),DEU,,0.0010000,,0.0001695,Production,2011,Unknown,4.999988021,Germany,Europe,Western Europe
SEE / Storage of electric energy,DEU,,0.0060000,,0.0010169,Production,2011,Unknown,4.999988262,Germany,Europe,Western Europe
Foulum Demonstration plant,DNK,,0.2500000,,0.0374827,Production,2011,Unknown,2.0,Denmark,Europe,Northern Europe
ELYGRID (R&D),ESP,,2.6000000,,0.4406661,Production,2011,Unknown,1.999886949,Spain,Europe,South West Europe
Cotbus,DEU,,0.1200000,,0.0203384,Production,2012,Unknown,4.999993746,Germany,Europe,Western Europe
MYRTE,FRA,,0.1100000,,0.0164924,Production,2012,Unknown,1.999993265,France,Europe,Western Europe
Eucolino Schwandorf,DEU,,0.1080000,,0.0187114,Production,2012,Unknown,4.999993169,Germany,Europe,Western Europe
H2Herten,DEU,,0.1650000,,0.0279653,Production,2012,Unknown,4.999995911,Germany,Europe,Western Europe
"PostBus Hydrogen bus, Brugg, aargau CHIC",CHE,,0.2760000,,0.0467784,Production,2012,Unknown,1.999998749,Switzerland,Europe,Central Europe
Hydrogen mini grid system Yorkshire (Rotherham),GBR,,0.0300000,,0.0050846,Production,2012,Unknown,1.999989417,United Kingdom,Europe,Western Europe
H2 research center BTU Cottbus,DEU,,0.1400000,,0.0237282,Production,2012,Unknown,4.999994708,Germany,Europe,Western Europe
"Fronius Energy Cell, self-sufficient house",AUT,,0.0088400,,0.0013254,Production,2012,Unknown,1.999988399,Austria,Europe,Central Europe
Agios Efstratios,GRC,,0.1000000,,0.0173253,Production,2012,Unknown,1.999992784,Greece,Europe,South East Europe
Commercial Plant Svartsengi/George Olah plant,ISL,,6.0000000,,1.0395200,Production,2012,Others/Various,1.999723387,Iceland,Europe,Northern Europe
Emden I Biogas upgrading,DEU,,0.3120000,,0.0528799,Production,2012,Unknown,4.999997017,Germany,Europe,Western Europe
"Sunfire PtL demo ""Fuel1""",DEU,,0.0380000,,0.0077964,Production,2012,Unknown,4.999989801,Germany,Europe,Western Europe
"MicrobEnergy GmbH, Schwandorf",DEU,,0.1800000,,0.0269875,Production,2013,Unknown,4.999996633,Germany,Europe,Western Europe
CO2RRECT-Niederaussem,DEU,,0.2600000,,0.0389820,Production,2013,Unknown,4.999999519,Germany,Europe,Western Europe
"BioPower2Gas, Allendorf, Eder",DEU,,0.3120000,,0.0467784,Production,2013,Unknown,4.999997017,Germany,Europe,Western Europe
P2G plant Erdgas Schwaben,DEU,,1.0000000,,0.1499308,Production,2013,Unknown,4.99996392,Germany,Europe,Western Europe
Haldor Topsoe - El-Opgraderet Biogas I,DNK,,0.0380000,,0.0077964,Production,2013,Unknown,1.999989801,Denmark,Europe,Northern Europe
"H2Move, Fraunhofer ISE",DEU,,0.0400000,,0.0059972,Production,2013,Solar PV,4.999989898,Germany,Europe,Western Europe
PtG-Elektrolyse im MW-Maßstab (R&D),DEU,,0.3000000,,0.0508461,Production,2013,Unknown,4.999997595,Germany,Europe,Western Europe
El Tubo - ACTA EL500,ESP,,0.0031200,,0.0004678,Production,2013,Unknown,1.999988123,Spain,Europe,South West Europe
H2 Logic HRS with onsite electrolysis in Vejle,DNK,,0.4307116,,0.0730000,Production,2013,Unknown,1.999991307,Denmark,Europe,Northern Europe
"ETOGAS, Solar Fuel Beta-plant AUDI, Werlte (Audi e-gas)",DEU,,6.3000000,,1.0677678,Production,2013,Unknown,4.999708955,Germany,Europe,Western Europe
"Greenhouse heating, solar-H2",ITA,,0.0025000,,0.0004237,Production,2013,Unknown,1.999988094,Italy,Europe,Southern Europe
H2 Logic 3 HRS with onsite electrolysis in Copenhagen,DNK,,1.2921348,,0.2190000,Production,2013,Unknown,1.999949866,Denmark,Europe,Northern Europe
Rozenburg Power2Gas Phase 1,NLD,,0.0070000,,0.0010495,Production,2013,Unknown,1.99998831,Netherlands,Europe,Western Europe
H2 Logic HRS with onsite electrolysis Holstebro,DNK,,0.4307116,,0.0730000,Production,2013,Unknown,1.999991307,Denmark,Europe,Northern Europe
H2 Logic HRS with onsite electrolysis Aalborg,DNK,,0.4307116,,0.0730000,Production,2013,Unknown,1.999991307,Denmark,Europe,Northern Europe
WindGas Falkenhagen,DEU,,2.0000000,,0.3389739,Production,2013,Onshore wind,4.999915813,Germany,Europe,Western Europe
"Oslo, CHIC",NOR,,0.6000000,,0.1016922,Production,2013,Unknown,1.999983163,Norway,Europe,Northern Europe
RENOVAGAS,ESP,,0.0092000,,0.0015593,Production,2014,Unknown,1.999988416,Spain,Europe,South West Europe
Electrochaea: Biological methanation in Avedøre,DNK,,1.2000000,,0.2033843,Production,2014,Unknown,1.999954299,Denmark,Europe,Northern Europe
"Hydrogen Valley South Tyrol - Bolzano, CHIC",ITA,,1.5000000,,0.2542304,Production,2014,Unknown,1.999939867,Italy,Europe,Southern Europe
H2BER (Berlin airport),DEU,,0.5000000,,0.0847435,Production,2014,Onshore wind,4.999987973,Germany,Europe,Western Europe
"Hanau, Wolfgang Industrial Park",DEU,,0.0208000,,0.0031186,Production,2014,Unknown,4.999988974,Germany,Europe,Western Europe
Reduction and Reuse of CO2: Renewable Fuels for Electricity Production- ZHAW,CHE,,0.0015600,,0.0002339,Production,2014,Unknown,1.999988048,Switzerland,Europe,Central Europe
Thüga PtG plant Frankfurt/Main,DEU,,0.3000000,,0.0449792,Production,2014,Unknown,4.999997595,Germany,Europe,Western Europe
Woikoski Kokkola H2 plant,FIN,,9.0000000,,1.5253826,Production,2014,Unknown,1.999579067,Finland,Europe,Northern Europe
MeGa-stoRE,DNK,,0.0064400,,0.0010915,Production,2014,Unknown,1.999988283,Denmark,Europe,Northern Europe
Don Quichote,BEL,,0.3000000,,0.0508461,Production,2015,Onshore wind,1.999997595,Belgium,Europe,Western Europe
Pilot & Demo PtM HSR,CHE,,0.0250000,,0.0042372,Production,2015,Unknown,1.999989176,Switzerland,Europe,Central Europe
DemoSNG,SWE,,0.1456000,,0.0218299,Production,2015,Unknown,1.999994978,Sweden,Europe,Northern Europe
"Wind2Hydrogen, HyCentA",AUT,,0.1000000,,0.0149931,Production,2015,Unknown,1.999992784,Austria,Europe,Central Europe
"Aberdeen Kittybrewster, Hydrogen bus project",GBR,,1.0000000,,0.1694870,Production,2015,Unknown,1.99996392,United Kingdom,Europe,Western Europe
WindGas Hamburg-Reitbrook,DEU,,1.5000000,,0.2248962,Production,2015,Onshore wind,4.999939867,Germany,Europe,Western Europe
P2G-Biocat - Continued (Ref 508),DNK,,0.5000000,,0.0847435,Production,2015,Unknown,1.999987973,Denmark,Europe,Northern Europe
Regio Energie Solothurn/Aarmat hybrid plant,CHE,,0.7000000,,0.1049515,Production,2015,Unknown,1.999978352,Switzerland,Europe,Central Europe
HRS CNH2 Puertollano,ESP,,0.0600000,,0.0101692,Production,2015,Solar PV,1.99999086,Spain,Europe,South West Europe
MeGa-stoRE Optimising and Upscaling,DNK,,0.2500000,,0.0423717,Production,2015,Unknown,2.0,Denmark,Europe,Northern Europe
RWE PtG plant Ibbenbüren,DEU,,0.1500000,,0.0224896,Production,2015,Unknown,4.999995189,Germany,Europe,Western Europe
Dresden,DEU,,0.0100000,,0.0020517,Production,2015,Unknown,4.999988454,Germany,Europe,Western Europe
Stromlückenfüller 1st phase,DEU,,0.0200000,,0.0029986,Production,2015,Unknown,4.999988935,Germany,Europe,Western Europe
"RH2 Grapzow, Mecklenburg Vorpommern",DEU,,1.0000000,,0.1694870,Production,2015,Onshore wind,4.99996392,Germany,Europe,Western Europe
HPEM2GAS (R&D),DEU,,0.2000000,,0.0299862,Production,2016,Unknown,4.999997595,Germany,Europe,Western Europe
Laboratory System at IFE Kjeller Pahse 2,NOR,,0.0104000,,0.0015593,Production,2016,Unknown,1.999988474,Norway,Europe,Northern Europe
"Fife, Levenmouth Community Energy Project",GBR,,0.3700000,,0.0641037,Production,2016,Onshore wind,1.999994227,United Kingdom,Europe,Western Europe
smart grid solar - arzberg,DEU,,0.0750000,,0.0112448,Production,2016,Solar PV,4.999991581,Germany,Europe,Western Europe
HELMETH (R&D),DEU,,0.0150000,,0.0030775,Production,2016,Unknown,4.999988695,Germany,Europe,Western Europe
INGRID,ITA,,1.2000000,,0.2033843,Production,2016,Unknown,1.999954299,Italy,Europe,Southern Europe
Hamburg - Schnackenburgallee,DEU,,0.1850000,,0.0277372,Production,2016,Unknown,4.999996873,Germany,Europe,Western Europe
Hassfurt,DEU,,1.2500000,,0.1874135,Production,2016,Unknown,4.999951893,Germany,Europe,Western Europe
Hydrogen plant - Orkney Islands - BIG HIT 1st phase,GBR,,0.7000000,,0.1049515,Production,2017,Onshore wind,1.999978352,United Kingdom,Europe,Western Europe
Haldor Topsoe - El-Opgraderet Biogas II,DNK,,0.0380000,,0.0077964,Production,2017,Unknown,1.999989801,Denmark,Europe,Northern Europe
ASKO Midt-Norge,NOR,,0.7000000,,0.1186409,Production,2017,Solar PV,1.999978352,Norway,Europe,Northern Europe
HySnowGroomer (within HyWest),AUT,,0.3500000,,0.0606387,Production,2017,Solar PV,1.999995189,Austria,Europe,Central Europe
H&R Ölwerke Hamburg-Neuhof,DEU,,5.0000000,,0.7496538,Production,2017,Unknown,4.999771493,Germany,Europe,Western Europe
FaHyence,FRA,,0.1380000,,0.0233892,Production,2017,Unknown,1.999994612,France,Europe,Western Europe
GrInHy,DEU,,0.1500000,,0.0307753,Production,2017,Unknown,4.999995189,Germany,Europe,Western Europe
Energy observer,FRA,,0.0468000,,0.0070168,Production,2017,Unknown,1.999990225,France,Europe,Western Europe
Energiepark Mainz,DEU,,6.0000000,,0.8995846,Production,2017,Onshore wind,4.999723387,Germany,Europe,Western Europe
"Alzey, Exytron Null-E",DEU,,0.0625000,,0.0105929,Production,2017,Unknown,4.99999098,Germany,Europe,Western Europe
Underground Sun Conversion,AUT,,0.6000000,,0.1016922,Production,2018,Solar PV,1.999983163,Austria,Europe,Central Europe
GNVert H2 ,FRA,,0.1924000,,0.0288467,Production,2018,Unknown,1.999997229,France,Europe,Western Europe
GRHYD,FRA,,0.5200000,,0.0779640,Production,2018,Unknown,1.999987011,France,Europe,Western Europe
"Rostock, Exytron Demonstrationsanlage",DEU,,0.0184000,,0.0031186,Production,2018,Unknown,4.999988858,Germany,Europe,Western Europe
"Minerve, Nantes",FRA,,0.1200000,,0.0246202,Production,2018,Unknown,1.999993746,France,Europe,Western Europe
Carbon2Chem,DEU,,2.0000000,,0.3389739,Production,2018,Unknown,4.999915813,Germany,Europe,Western Europe
"CoSin: Synthetic Natural Gas from Sewage, Barcelona",ESP,,0.0334400,,0.0068608,Production,2018,Unknown,1.999989582,Spain,Europe,South West Europe
Methanation at Eichhof,DEU,,0.0500000,,0.0074965,Production,2018,Unknown,4.999990379,Germany,Europe,Western Europe
"Troia,  STORE&GO",ITA,,0.2000000,,0.0299862,Production,2018,Unknown,1.999997595,Italy,Europe,Southern Europe
Falkenhagen STORE&GO,DEU,,1.0000000,,0.1499308,Production,2018,Unknown,4.99996392,Germany,Europe,Western Europe
Aberdeen Conference Center,GBR,,1.0000000,,0.1694870,Production,2018,Unknown,1.99996392,United Kingdom,Europe,Western Europe
REFLEX,ITA,,0.0380000,,0.0077964,Production,2018,Unknown,1.999989801,Italy,Europe,Southern Europe
Hellisheidi ON Power ely,ISL,,0.7000000,,0.1212773,Production,2018,Unknown,1.999978352,Iceland,Europe,Northern Europe
"Windgas Haurup, 1st phase",DEU,,0.2250000,,0.0337344,Production,2018,Onshore wind,4.999998797,Germany,Europe,Western Europe
"MicroPyros, Altenstant",DEU,,0.0011250,,0.0001949,Production,2018,Unknown,4.999988027,Germany,Europe,Western Europe
Minatec's semiconductor labs in Grenoble,FRA,,0.0552000,,0.0093557,Production,2018,Unknown,1.999990629,France,Europe,Western Europe
Hypos - Sunfire,DEU,,0.1800000,,0.0369303,Production,2019,Unknown,4.999996633,Germany,Europe,Western Europe
Wind to Gas Südermarsch,DEU,,2.4000000,,0.3598338,Production,2019,Onshore wind,4.999896571,Germany,Europe,Western Europe
PFI - Pirmasens-Winzeln,DEU,,2.5000000,,0.4331333,Production,2019,Others/Various,4.99989176,Germany,Europe,Western Europe
Hydrogen plant - Orkney Islands - BIG HIT 2n phase,GBR,,1.0000000,,0.1499308,Production,2019,Onshore wind,1.99996392,United Kingdom,Europe,Western Europe
Balance project,FIN,,0.0060000,,0.0012310,Production,2019,Unknown,1.999988262,Finland,Europe,Northern Europe
VTT Bio economy+,FIN,,0.0250000,,0.0037483,Production,2019,Unknown,1.999989176,Finland,Europe,Northern Europe
H2FUTURE,AUT,,6.0000000,,0.8995846,Production,2019,Unknown,1.999723387,Austria,Europe,Central Europe
MEFCO2,DEU,,1.0000000,,0.1499308,Production,2019,Unknown,4.99996392,Germany,Europe,Western Europe
ELY4OFF,ESP,,0.0500000,,0.0074965,Production,2019,Unknown,1.999990379,Spain,Europe,South West Europe
Vårgårda Bostäder housing complex,SWE,,0.2760000,,0.0467784,Production,2019,Solar PV,1.999998749,Sweden,Europe,Northern Europe
Rozenburg Power2Gas Phase 2,NLD,,0.0070000,,0.0010495,Production,2019,Unknown,1.99998831,Netherlands,Europe,Western Europe
"Solothurn, STORE&GO",CHE,,0.3500000,,0.0524758,Production,2019,Unknown,1.999995189,Switzerland,Europe,Central Europe
Fébus Pau bus station HRS,FRA,,0.7500000,,0.1124481,Production,2019,Unknown,1.999975947,France,Europe,Western Europe
Stromlückenfüller 2nd phase,DEU,,0.2000000,,0.0299862,Production,2019,Unknown,4.999997595,Germany,Europe,Western Europe
Tauron CO2-SNG,POL,,0.0810000,,0.0140335,Production,2019,Unknown,1.99999187,Poland,Europe,Eastern Europe
Parnu refuelling station,EST,,1.0000000,,0.1694870,Production,2019,Unknown,1.99996392,Estonia,Europe,Eastern Europe
HYPOS (several projects),DEU,,1.3000000,,0.2252293,Production,2019,Unknown,9.999949488,Germany,Europe,Western Europe
Houdain bus station HRS (TADAO/Bulle 6 SMTAG),FRA,,0.5000000,,0.0847435,Production,2019,Unknown,1.999987973,France,Europe,Western Europe
"H2Nodes, Riga",EST,,0.7280000,,0.1091496,Production,2019,Unknown,1.999977005,Estonia,Europe,Eastern Europe
HRS Aalborg,DNK,,0.2500000,,0.0423717,Production,2020,Unknown,2.0,Denmark,Europe,Northern Europe
Wuppertal refuelling station,DEU,,2.5000000,,0.3748269,Production,2020,Others/Various,4.99989176,Germany,Europe,Western Europe
Hydrospider - St Gallen,CHE,,2.0000000,,0.2998615,Production,2020,Hydropower,1.999915813,Switzerland,Europe,Central Europe
Wyhlen hydroelectric power plant,DEU,,1.3000000,,0.2203330,Production,2020,Hydropower,4.999949488,Germany,Europe,Western Europe
"Windgas Haurup, 2nd phase",DEU,,1.0000000,,0.1499308,Production,2020,Onshore wind,4.99996392,Germany,Europe,Western Europe
Power2Met,DNK,,0.2500000,,0.0389820,Production,2020,Unknown,2.0,Denmark,Europe,Northern Europe
Jupiter 1000,FRA,,1.0000000,,0.1694870,Production,2020,Unknown,1.99996392,France,Europe,Western Europe
Leuchtturmprojekt Power-to-Gas Baden-Württemberg,DEU,,1.3000000,,0.1949100,Production,2020,Hydropower,4.999949488,Germany,Europe,Western Europe
HyBALANCE,DNK,,1.5000000,,0.2248962,Production,2020,Onshore wind,1.999939867,Denmark,Europe,Northern Europe
Hotflex,AUT,,0.1500000,,0.0307753,Production,2020,Hydropower,1.999995189,Austria,Europe,Central Europe
eFarm (5 production sites in North Frisia),DEU,,1.1250000,,0.1686721,Production,2020,Onshore wind,4.999957907,Germany,Europe,Western Europe
Tecoil,FIN,,0.7000000,,0.1212773,Production,2020,Unknown,1.999978352,Finland,Europe,Northern Europe
H2ORIZON,DEU,,0.8000000,,0.1199446,Production,2020,Unknown,4.999973541,Germany,Europe,Western Europe
HyDeploy,GBR,,0.5000000,,0.0749654,Production,2020,Unknown,1.999987973,United Kingdom,Europe,Western Europe
GrInHy2.0,DEU,,0.7000000,,0.1559280,Production,2020,Unknown,4.999978352,Germany,Europe,Western Europe
Trzebinia refinery,POL,,2.0201632,,0.3500000,Production,2021,Unknown,1.999914843,Poland,Europe,Eastern Europe
Tyseley Energy Park refuelling hub Birmingham,GBR,,3.0000000,,0.4497923,Production,2021,Others/Various,1.999867707,United Kingdom,Europe,Western Europe
Brande Hydrogen project,DNK,,0.4000000,,0.0599723,Production,2021,Offshore wind,1.999992784,Denmark,Europe,Northern Europe
Green Hydrogen Esslingen (P2G2P),DEU,,0.5000000,,0.0847435,Production,2021,Unknown,4.999987973,Germany,Europe,Western Europe
Sirea - Castres site,FRA,,0.4300000,,0.0744989,Production,2021,Solar PV,1.999991341,France,Europe,Western Europe
Solarbelt Fairfuel kerosene DEMO plant,DEU,,1.2334460,,0.1849315,Production,2021,Others/Various,4.99995269,Germany,Europe,Western Europe
SALCOS - WindH2 Windwasserstoff Salzgitter,DEU,,2.5000000,,0.3748269,Production,2021,Onshore wind,4.99989176,Germany,Europe,Western Europe
Steklarna Hrastnik glass manufactuing plant,SVN,,0.1500000,,0.0259880,Production,2021,Solar PV,1.999995189,Slovenia,Europe,South East Europe
METHYCENTRE,FRA,,0.2500000,,0.0374827,Production,2021,Unknown,2.0,France,Europe,Western Europe
REMOTE - Agkistro (Greece,GRC,,0.0250000,,0.0042372,Production,2021,Hydropower,1.999989176,Greece,Europe,South East Europe
Fairfuel Atmosfair,DEU,,1.3000000,,0.1949100,Production,2021,Others/Various,4.999949488,Germany,Europe,Western Europe
Refhyne,DEU,,10.0000000,,1.4993077,Production,2021,Unknown,4.99953096,Germany,Europe,Western Europe
Kopernikus,DEU,,0.0100000,,0.0020517,Production,2021,Unknown,4.999988454,Germany,Europe,Western Europe
Vallée Hydrogène Grand Ouest (VHyGO) - H2 Ouest (Phase 1),FRA,,0.7500000,,0.1271152,Production,2021,Unknown,6.999975947,France,Europe,Western Europe
AuxHYGen (Phase 1),FRA,,1.0000000,,0.1694870,Production,2021,Unknown,1.99996392,France,Europe,Western Europe
Hydrogen Lab Leuna (phase 1),DEU,,1.0000000,,0.2051684,Production,2021,Onshore wind,4.99996392,Germany,Europe,Western Europe
Hystock (EnergyStock),NLD,,1.0000000,,0.1499308,Production,2021,Solar PV,1.99996392,Netherlands,Europe,Western Europe
"Apex Energy, Rostock-Laage",DEU,,2.0000000,,0.3389739,Production,2021,Unknown,4.999915813,Germany,Europe,Western Europe
HRS CMB Port of Antwerp,BEL,,1.0000000,,0.1499308,Production,2021,Unknown,1.99996392,Belgium,Europe,Western Europe
HAEOLUS,NOR,,2.5000000,,0.3748269,Production,2021,Onshore wind,1.99989176,Norway,Europe,Northern Europe
HYBRIT pilot,SWE,,4.5000000,,0.7626913,Production,2021,Unknown,1.999795547,Sweden,Europe,Northern Europe
eSMR Methanol demo plant in Aarhus University,DNK,,2.6426901,,0.4578549,Production,2022,Unknown,1.999884896,Denmark,Europe,Northern Europe
Seafuel project,ESP,,0.0252809,,0.0043800,Production,2022,Others/Various,1.99998919,Spain,Europe,South West Europe
Wunsiedel Energy Park (Phase 1),DEU,,8.8000000,,1.3193908,Production,2022,Others/Various,4.999588688,Germany,Europe,Western Europe
H2RES - Orsted offshore wind,DNK,,2.0000000,,0.3389739,Production,2022,Offshore wind,1.999915813,Denmark,Europe,Northern Europe
Kola Nuclear Power Plant demo,RUS,,1.0000000,,0.1499308,Production,2022,Unknown,1.99996392,Russia,Asia,Northern Asia
Hysolar Green on Road - Nieuwegein,NLD,,2.5000000,,0.3748269,Production,2022,Solar PV,1.99989176,Netherlands,Europe,Western Europe
Wasserstoffproduktion Ostschweiz AG,CHE,,2.0000000,,0.3465067,Production,2022,Unknown,6.999915813,Switzerland,Europe,Central Europe
Heroya Industrial Park,NOR,,5.5000000,,0.9321783,Production,2022,Unknown,6.99974744,Norway,Europe,Northern Europe
HRS Bremervörde - trains,DEU,,3.8951311,,0.5840000,Production,2022,Unknown,4.999824645,Germany,Europe,Western Europe
HRS TMB Zona Franca de Barcelona,ESP,,2.5000000,,0.3748269,Production,2022,Unknown,1.99989176,Spain,Europe,South West Europe
H2-Login,ESP,,0.0146067,,0.0021900,Production,2022,Solar PV,1.999988676,Spain,Europe,South West Europe
Vallée Hydrogène Grand Ouest (VHyGO) - EffiH2,FRA,,1.0000000,,0.1732533,Production,2022,Unknown,6.99996392,France,Europe,Western Europe
Hydrogenpilot Oosterwolde,NLD,,1.3000000,,0.2252293,Production,2022,Unknown,1.999949488,Netherlands,Europe,Western Europe
Hyflexpower,FRA,,1.6000000,,0.2398892,Production,2022,Unknown,1.999935056,France,Europe,Western Europe
Green Hysland Mallorca - Phase 1,ESP,,2.5000000,,0.3748269,Production,2022,Solar PV,1.99989176,Spain,Europe,South West Europe
H2 Évora - GreenGas I,PRT,,0.1000462,,0.0150000,Production,2022,Solar PV,1.999992786,Portugal,Europe,South West Europe
PtG Switzerland,CHE,,2.5000000,,0.3748269,Production,2022,Unknown,1.99989176,Switzerland,Europe,Central Europe
Iberdrola - Puertollano I,ESP,,20.0000000,,2.9986154,Production,2022,Solar PV,1.999049893,Spain,Europe,South West Europe
"MPREIS Hydrogen (within ""Demo4Grid"")",AUT,,3.1000000,,0.5254096,Production,2022,Unknown,1.999862896,Austria,Europe,Central Europe
Fronius Solhub - SAN Group Herzogenburg,AUT,,0.7000000,,0.1049515,Production,2022,Solar PV,1.999978352,Austria,Europe,Central Europe
Alliander Oosterwolde - solar park of GroenLeven,NLD,,1.4000000,,0.2372817,Production,2022,Solar PV,1.999944677,Netherlands,Europe,Western Europe
Linde Hellas - Mandra,GRC,,1.0000000,,0.1732533,Production,2022,Unknown,6.99996392,Greece,Europe,South East Europe
The Next Gate - P2X -Europe,DEU,,0.5930029,,0.1027397,Production,2022,Unknown,4.999983499,Germany,Europe,Western Europe
Abanto Technology Park,ESP,,2.5000000,,0.4237174,Production,2023,Unknown,6.99989176,Spain,Europe,South West Europe
Undergorund Sun Storage 2030,AUT,,2.0000000,,0.2998615,Production,2023,Unknown,1.999915813,Austria,Europe,Central Europe
Underground Sun Storage 2030,AUT,,2.0000000,,0.2998615,Production,2023,Others/Various,1.999915813,Austria,Europe,Central Europe
"Los Barrios coal plant, Cadiz, phase 1",ESP,,5.0000000,,0.8662667,Production,2023,Solar PV,1.999771493,Spain,Europe,South West Europe
Turn2X - Extremadura,ESP,,2.0000000,,0.2998615,Production,2023,Unknown,1.999915813,Spain,Europe,South West Europe
Convion SOE R&D ELY,FIN,,0.1250000,,0.0256461,Production,2023,Unknown,1.999993987,Finland,Europe,Northern Europe
 GET H2 TransHyDE hydrogen project - Lingen,DEU,,0.2500000,,0.0512921,Production,2023,Unknown,10.0,Germany,Europe,Western Europe
Dorset Green H2 Project,GBR,,0.9000000,,0.1559280,Production,2023,Solar PV,1.999968731,United Kingdom,Europe,Western Europe
Energie Steiermark plant in Styria,AUT,,1.0000000,,0.1732533,Production,2023,Solar PV,1.99996392,Austria,Europe,Central Europe
Energy Hub at MIRA Technology Park.,GBR,,1.0000000,,0.1732533,Production,2023,Unknown,1.99996392,United Kingdom,Europe,Western Europe
Energy-Norweigian Catapult Centre,NOR,,0.9000000,,0.1525383,Production,2023,Unknown,6.999968731,Norway,Europe,Northern Europe
Ribatejo natural gas power plant (FLEXnCONFU) ,PRT,,1.0000000,,0.1499308,Production,2023,Unknown,1.99996392,Portugal,Europe,South West Europe
Renewable Gasfield,AUT,,2.0009235,,0.3000000,Production,2023,Others/Various,1.999915769,Austria,Europe,Central Europe
"REMOTE - Spain, Canary Islands",ESP,,0.0800000,,0.0135590,Production,2023,Others/Various,1.999991822,Spain,Europe,South West Europe
Multiphly,NLD,,2.5000000,,0.5129211,Production,2023,Unknown,6.99989176,Netherlands,Europe,Western Europe
NFC Belfort (Phase 1),FRA,,1.0000000,,0.1694870,Production,2023,Unknown,1.99996392,France,Europe,Western Europe
Lhyfe Bretagne - Buléon,FRA,,5.0000000,,0.8662667,Production,2023,Unknown,6.999771493,France,Europe,Western Europe
GROHW,NLD,,0.5000000,,0.0866267,Production,2023,Unknown,6.999987973,Netherlands,Europe,Western Europe
H2 Évora - GreenGas II,PRT,,0.3001385,,0.0450000,Production,2023,Solar PV,1.999997588,Portugal,Europe,South West Europe
Sealhyfe,FRA,,1.0000000,,0.1499308,Production,2023,Offshore wind,1.99996392,France,Europe,Western Europe
Gaznat methanation project,CHE,,0.5000000,,0.0847435,Production,2023,Solar PV,1.999987973,Switzerland,Europe,Central Europe
Steinbeis Innovation Center Braunschweig,DEU,,1.0000000,,0.1732533,Production,2023,Unknown,4.99996392,Germany,Europe,Western Europe
E-CO2MET Raffinerie Mitteldeutschland,DEU,,1.0000000,,0.2051684,Production,2023,Unknown,4.99996392,Germany,Europe,Western Europe
Kopernikus 2.0,DEU,,0.2500000,,0.0512921,Production,2023,Unknown,5.0,Germany,Europe,Western Europe
Hofors rolling project,SWE,,17.0000000,,2.8812783,Production,2023,Unknown,1.999194213,Sweden,Europe,Northern Europe
H2 project - AEM Flex electrolyser,DEU,,0.1200000,,0.0207904,Production,2023,Unknown,9.999993746,Germany,Europe,Western Europe
H2Pioneer - H2 Carinthia,AUT,,2.0000000,,0.2998615,Production,2023,Others/Various,1.999915813,Austria,Europe,Central Europe
Porte de St Cloud HRS station,FRA,,2.5000000,,0.3748269,Production,2023,Unknown,1.99989176,France,Europe,Western Europe
Picea systems installed at multiple residential households (500 2.4 kW),DEU,,1.3540000,,0.2345850,Production,2023,Solar PV,4.99994689,Germany,Europe,Western Europe
Hyport - Toulouse-Blagnac Airport,FRA,,2.0000000,,0.3389739,Production,2023,Unknown,1.999915813,France,Europe,Western Europe
Pamesa - eCombustible,ESP,,8.0000000,,1.3860267,Production,2023,Solar PV,1.999627173,Spain,Europe,South West Europe
Hypster,FRA,,1.0000000,,0.1499308,Production,2023,Unknown,6.99996392,France,Europe,Western Europe
Hydrogen Lab Gorlitz,DEU,,2.0000000,,0.3465067,Production,2023,Unknown,4.999915813,Germany,Europe,Western Europe
Hydrogen Lab Bremerhaven (phase 1),DEU,,1.0000000,,0.1499308,Production,2023,Onshore wind,4.99996392,Germany,Europe,Western Europe
AEM Nexus 1000 - Saerbeck,DEU,,1.0000000,,0.1732533,Production,2023,Unknown,4.99996392,Germany,Europe,Western Europe
Aquamarine,HUN,,2.0000000,,0.2998615,Production,2023,Others/Various,1.999915813,Hungary,Europe,Central Europe
Vallée Hydrogène Grand Ouest (VHyGO) - Saint-Nazaire,FRA,,1.5000000,,0.2598800,Production,2023,Offshore wind,1.999939867,France,Europe,Western Europe
Val d'Hygo (Occitanie H2 Corridor),FRA,,5.0000000,,0.7496538,Production,2023,Unknown,1.999771493,France,Europe,Western Europe
Zero Emission Valley (ZEV) - Clermont Ferrand,FRA,,2.0000000,,0.3389739,Production,2023,Unknown,1.999915813,France,Europe,Western Europe
Wien Energie -  Simmering,AUT,,3.0000000,,0.5197600,Production,2024,Unknown,1.999867707,Austria,Europe,Central Europe
Vallée Hydrogène Grand Ouest (VHyGO) - H2 Ouest (Phase 2),FRA,,1.7500000,,0.2966022,Production,2024,Unknown,6.99992784,France,Europe,Western Europe
ArcelorMittal Bremen - HyBit,DEU,,10.0000000,,1.7325333,Production,2024,Unknown,4.99953096,Germany,Europe,Western Europe
Arbikie Distillery,GBR,,0.9000000,,0.1525383,Production,2024,Onshore wind,1.999968731,United Kingdom,Europe,Western Europe
Octopus Hydrogen - MIRA Technology Park,GBR,,0.9000000,,0.1525383,Production,2024,Unknown,6.999968731,United Kingdom,Europe,Western Europe
Octopus Hydrogen - BayWa MoU,GBR,,15.0000000,,2.5988000,Production,2024,Others/Various,1.999290427,United Kingdom,Europe,Western Europe
HyPilot project ,NOR,,1.0000000,,0.1499308,Production,2024,Offshore wind,1.99996392,Norway,Europe,Northern Europe
HyHubMo/Hydrogen Hub Mo,NOR,,40.0000000,,6.7794783,Production,2024,Unknown,1.99808776,Norway,Europe,Northern Europe
Hydrogen plant - Environmental Business Park (PEMA),ESP,,2.5000000,,0.4331333,Production,2024,Unknown,6.99989176,Spain,Europe,South West Europe
Hydrogen injection into the gas network in Lithuania,LTU,,1.0000000,,0.1732533,Production,2024,Unknown,1.99996392,Lithuania,Europe,Eastern Europe
Hydrogen for fuel cell testing and heat recovery,DEU,,1.0000000,,0.1732533,Production,2024,Solar PV,4.99996392,Germany,Europe,Western Europe
Protium Project Pioneer 2,GBR,,2.5000000,,0.3748269,Production,2024,Unknown,6.99989176,United Kingdom,Europe,Western Europe
Power2AX,FIN,,1.2986763,,0.2250000,Production,2024,Onshore wind,1.999949552,Finland,Europe,Northern Europe
PosHYdon,NLD,,1.0000000,,0.1499308,Production,2024,Unknown,1.99996392,Netherlands,Europe,Western Europe
Hytouraine,FRA,,5.0000000,,0.8662667,Production,2024,Unknown,1.999771493,France,Europe,Western Europe
"HySynergy, phase 1",DNK,,20.0000000,,3.3897391,Production,2024,Unknown,1.999049893,Denmark,Europe,Northern Europe
Pau-Lescar Biofactory,FRA,,1.0000000,,0.1499308,Production,2024,Others/Various,1.99996392,France,Europe,Western Europe
P2X Harjavalta project,FIN,,20.0000000,,3.3897391,Production,2024,Unknown,6.999049893,Finland,Europe,Northern Europe
Port of Gothenburg - Statkraft,SWE,,4.0000000,,0.6930133,Production,2024,Unknown,6.9998196,Sweden,Europe,Northern Europe
Pinto waste water plant,ESP,,0.4617516,,0.0800000,Production,2024,Others/Various,1.999989813,Spain,Europe,South West Europe
HyDeer,NLD,,24.0495613,,4.1666667,Production,2024,Solar PV,1.998855082,Netherlands,Europe,Western Europe
Hy2B plant in Pfeffenhausen,DEU,,5.0000000,,0.8474348,Production,2024,Solar PV,4.999771493,Germany,Europe,Western Europe
HY.City.Bremerhaven,DEU,,2.0000000,,0.2998615,Production,2024,Onshore wind,4.999915813,Germany,Europe,Western Europe
Hitachi Zosen Inova HZI PtH Buchs,CHE,,2.3000000,,0.3984827,Production,2024,Unknown,1.999901381,Switzerland,Europe,Central Europe
HEVO-Sul,PRT,,4.3000000,,0.6447023,Production,2024,Solar PV,1.999805168,Portugal,Europe,South West Europe
HaYrport,BEL,,0.7500000,,0.1271152,Production,2024,Unknown,1.999975947,Belgium,Europe,Western Europe
H-Awel,GBR,,50.0000000,,7.4965385,Production,2024,Onshore wind,1.997606693,United Kingdom,Europe,Western Europe
REDDAP - REnewable Distributed & Dynamic Ammonia Plant,DNK,,10.0000000,,1.6948696,Production,2024,Others/Various,1.99953096,Denmark,Europe,Northern Europe
H2Rivers,DEU,,8.1909149,,1.2280702,Production,2024,Unknown,4.999617989,Germany,Europe,Western Europe
H2HubNS,POL,,5.0000000,,0.7496538,Production,2024,Unknown,1.999771493,Poland,Europe,Eastern Europe
"H2 Pilotanlage Lingen, phase 2",DEU,,4.0000000,,0.5997231,Production,2024,Offshore wind,4.9998196,Germany,Europe,Western Europe
"Konin Power Plant, phase 1 - ZE PAK",POL,,2.5000000,,0.3748269,Production,2024,Others/Various,1.99989176,Poland,Europe,Eastern Europe
InnovaHub,NLD,,0.0675000,,0.0116946,Production,2024,Solar PV,1.999991221,Netherlands,Europe,Western Europe
Ineratec PtX plant in Frankfurt,DEU,,14.8250721,,2.5684932,Production,2024,Unknown,9.999298842,Germany,Europe,Western Europe
"Hyways for future, total",DEU,,5.3033708,,0.7951385,Production,2024,Unknown,4.999756899,Germany,Europe,Western Europe
"Hyways for future, 1st hub",DEU,,2.0000000,,0.2998615,Production,2024,Onshore wind,4.999915813,Germany,Europe,Western Europe
"H2 Pilotanlage Lingen, phase 1",DEU,,10.0000000,,1.6948696,Production,2024,Offshore wind,4.99953096,Germany,Europe,Western Europe
RIC Energy Valladolid -phase 1,ESP,,5.0000000,,0.7496538,Production,2024,Solar PV,1.999771493,Spain,Europe,South West Europe
RHYME,DEU,,20.0000000,,2.9986154,Production,2024,Onshore wind,4.999049893,Germany,Europe,Western Europe
Reichenau power plant,CHE,,2.5000000,,0.4331333,Production,2024,Hydropower,1.99989176,Switzerland,Europe,Central Europe
"H2 Green City, phase 1",ESP,,1.0000000,,0.1499308,Production,2024,Solar PV,1.99996392,Spain,Europe,South West Europe
H2 Green - Shoreham port - phase I,GBR,,20.0000000,,3.4650667,Production,2024,Unknown,6.999049893,United Kingdom,Europe,Western Europe
GreenHyScale,DNK,,100.0000000,,16.9486957,Production,2024,Unknown,1.995201359,Denmark,Europe,Northern Europe
Linde Leuna Chemical Complex,DEU,,24.0000000,,3.5983385,Production,2024,Unknown,9.998857466,Germany,Europe,Western Europe
Lhyfe-Enerparc Luckau project,DEU,,5.0000000,,0.8474348,Production,2024,Solar PV,4.999771493,Germany,Europe,Western Europe
Lhyfe Bade-Würtemberg,DEU,,10.0000000,,1.6948696,Production,2024,Others/Various,4.99953096,Germany,Europe,Western Europe
"Norwegian Hydrogen, Hellesylt Hydrogen Hub 1st project",NOR,,3.0000000,,0.4497923,Production,2024,Hydropower,1.999867707,Norway,Europe,Northern Europe
NFC Belfort (Phase 2),FRA,,1.0000000,,0.1694870,Production,2024,Unknown,1.99996392,France,Europe,Western Europe
"Mobility of the Future (within ""Innovation Liquid Energy"")",AUT,,1.0000000,,0.2051684,Production,2024,Unknown,1.99996392,Austria,Europe,Central Europe
Lhyfe - Brake green hydrogen plant,DEU,,10.0000000,,1.7325333,Production,2024,Unknown,4.99953096,Germany,Europe,Western Europe
Green lab skive (Phase II),DNK,,18.0000000,,3.1185600,Production,2024,Others/Various,1.999146107,Denmark,Europe,Northern Europe
Green lab skive (Phase I),DNK,,6.0000000,,1.0395200,Production,2024,Others/Various,1.999723387,Denmark,Europe,Northern Europe
Green hydrogen for fragrance industry,ESP,,1.2500000,,0.1874135,Production,2024,Solar PV,1.999951893,Spain,Europe,South West Europe
GREEN H2 Langosteira,ESP,,1.0000000,,0.1732533,Production,2024,Unknown,6.99996392,Spain,Europe,South West Europe
SmartQuart project - Kaisersesch ,DEU,,1.0000000,,0.1499308,Production,2024,Unknown,4.99996392,Germany,Europe,Western Europe
"Green fertilizer project Porsgrunn-Heroya, phase 1 - SKREI",NOR,,24.0000000,,3.5983385,Production,2024,Unknown,1.998857466,Norway,Europe,Northern Europe
Flins Plant - HYVIA,FRA,,1.0000000,,0.1499308,Production,2024,Unknown,1.99996392,France,Europe,Western Europe
"European Energy, phase I",DNK,,3.0000000,,0.5197600,Production,2024,Offshore wind,1.999867707,Denmark,Europe,Northern Europe
EnrHy4,FRA,,4.0000000,,0.6930133,Production,2024,Solar PV,1.9998196,France,Europe,Western Europe
Emil'Hy - pilot,FRA,,1.5000000,,0.2598800,Production,2024,Unknown,1.999939867,France,Europe,Western Europe
TES-Vig'Hy,FRA,,2.5000000,,0.4331333,Production,2024,Unknown,1.99989176,France,Europe,Western Europe
Szazhalombatta refinery,HUN,,10.0000000,,1.4993077,Production,2024,Unknown,1.99953096,Hungary,Europe,Central Europe
Dijon Métropole Smart EnergHy (DMSE) - Station 1,FRA,,1.0000000,,0.1694870,Production,2024,Unknown,1.99996392,France,Europe,Western Europe
CorrHyd'Occ (Occitanie H2 Corridor),FRA,,20.0000000,,3.3897391,Production,2024,Unknown,1.999049893,France,Europe,Western Europe
BÜKKABRÁNY PtG,HUN,,1.0000000,,0.1732533,Production,2024,Solar PV,1.99996392,Hungary,Europe,Central Europe
Alcázar de San Juan - pHYnix,ESP,,10.0000000,,1.4993077,Production,2024,Unknown,6.99953096,Spain,Europe,South West Europe
AEM Nexus for Unigranit,CZE,,0.5000000,,0.0866267,Production,2024,Onshore wind,1.999987973,Czech Republic,Europe,Central Europe
AEM Nexus for Fuel Cell factory FAT process,GBR,,1.0000000,,0.1732533,Production,2024,Unknown,6.99996392,United Kingdom,Europe,Western Europe
UpHy,AUT,,10.0000000,,1.4993077,Production,2024,Unknown,1.99953096,Austria,Europe,Central Europe
"Trailblazer - Siemens-Air Liquide Oberhausen, Phase 1",DEU,,20.0000000,,2.9986154,Production,2024,Unknown,9.999049893,Germany,Europe,Western Europe
WIVA P&G Hydrogen Region,AUT,,21.0674157,,3.6500000,Production,2025,Others/Various,1.998998543,Austria,Europe,Central Europe
"Wilhelmshaven , phase 1",DEU,,70.0000000,,12.1277333,Production,2025,Unknown,9.996644559,Germany,Europe,Western Europe
Wallonia e-methane project,BEL,,75.0000000,,12.7115217,Production,2025,Others/Various,1.996404026,Belgium,Europe,Western Europe
"AquaPrimus (AquaVentus, phase 1), Heligoland",DEU,,28.0000000,,4.8510933,Production,2025,Offshore wind,4.99866504,Germany,Europe,Western Europe
AM Gent H2 consumption Hub,BEL,,519.4705249,,90.0000000,Production,2025,Unknown,6.975022027,Belgium,Europe,Western Europe
Alp’Hyne,FRA,,2.0000000,,0.3465067,Production,2025,Unknown,1.999915813,France,Europe,Western Europe
"Aker - Rjukan, phase 2",NOR,,20.0000000,,3.4650667,Production,2025,Unknown,6.999049893,Norway,Europe,Northern Europe
"Aker - Rjukan, phase 1",NOR,,20.0000000,,3.4650667,Production,2025,Unknown,6.999049893,Norway,Europe,Northern Europe
"Wyhlen hydroelectric power plant, expansion",DEU,,4.2481145,,0.7200000,Production,2025,Hydropower,4.999807664,Germany,Europe,Western Europe
Mayflower Hydrogen project,GBR,,20.0000000,,2.9986154,Production,2025,Unknown,1.999049893,United Kingdom,Europe,Western Europe
Lowestoft PowerPark hydrogen,GBR,,2.0000000,,0.3465067,Production,2025,Offshore wind,1.999915813,United Kingdom,Europe,Western Europe
Northern Irish hydrogen project - Ballymena Hydrogen,GBR,,1.0000000,,0.1732533,Production,2025,Onshore wind,1.99996392,United Kingdom,Europe,Western Europe
Net Zero Hub - West Isles,GBR,,50.0000000,,8.6626667,Production,2025,Unknown,1.997606693,United Kingdom,Europe,Western Europe
Nervia,ROU,,5.0000000,,0.8474348,Production,2025,Unknown,1.999771493,,,
NeoGreen Portugal - Palmela projetc,PRT,,10.0000000,,1.7325333,Production,2025,Solar PV,1.99953096,Portugal,Europe,South West Europe
Nemo Hydrogen Project,GRC,,100.0000000,,17.3253333,Production,2025,Solar PV,1.995201359,Greece,Europe,South East Europe
"Nazare Green Hydrogen Valley, phase 1",PRT,,40.0000000,,6.9301333,Production,2025,Solar PV,1.99808776,Portugal,Europe,South West Europe
Lhyfe - Schaeffler Group plant in Herzogenaurach,DEU,,15.0000000,,2.5988000,Production,2025,Unknown,9.999290427,Germany,Europe,Western Europe
Landsvirkjun - Ljósifoss Hydropower Station,ISL,,10.0000000,,1.7325333,Production,2025,Unknown,1.99953096,Iceland,Europe,Northern Europe
Knockshinnoch hydrogen production facility - Scotland,GBR,,2.5000000,,0.4331333,Production,2025,Unknown,6.99989176,United Kingdom,Europe,Western Europe
Julio Verne project,ESP,,1.4000000,,0.2425547,Production,2025,Unknown,6.999944677,Spain,Europe,South West Europe
Inverness hydrogen hub - Phase 1,GBR,,6.0000000,,1.0169217,Production,2025,Unknown,1.999723387,United Kingdom,Europe,Western Europe
Inspira Madrid,ESP,,10.0000000,,1.7325333,Production,2025,Solar PV,1.99953096,Spain,Europe,South West Europe
Innio Jenbach - H2 Ready ,AUT,,2.0000000,,0.2998615,Production,2025,Unknown,1.999915813,Austria,Europe,Central Europe
INEOS Köln site,DEU,,100.0000000,,17.3253333,Production,2025,Unknown,4.995201359,Germany,Europe,Western Europe
P2G Velke Kapusany,SVK,,78.0000000,,13.5137600,Production,2025,Unknown,6.996259706,Slovakia,Europe,Central Europe
Oosterhorn Hydrogen project - Chemie Park Delfzijl,NLD,,20.0000000,,3.4650667,Production,2025,Onshore wind,1.999049893,Netherlands,Europe,Western Europe
Olga,ITA,,1.0000000,,0.1694870,Production,2025,Unknown,1.99996392,Italy,Europe,Southern Europe
Hyperion H2 Alandroal- Phase 1,PRT,,50.0000000,,8.6626667,Production,2025,Solar PV,1.997606693,Portugal,Europe,South West Europe
Hynamics VSGP,FRA,,2.0000000,,0.3389739,Production,2025,Unknown,1.999915813,France,Europe,Western Europe
Hynamics Martres-Tolosane,FRA,,2.0000000,,0.3389739,Production,2025,Unknown,1.999915813,France,Europe,Western Europe
Hynamics LH2,FRA,,2.0000000,,0.3389739,Production,2025,Unknown,1.999915813,France,Europe,Western Europe
Hynamics Dunkirk,FRA,,1.0000000,,0.1694870,Production,2025,Unknown,1.99996392,France,Europe,Western Europe
Hynamics Cannes,FRA,,2.0000000,,0.3389739,Production,2025,Unknown,1.999915813,France,Europe,Western Europe
HyLan,FRA,,30.0000000,,5.1976000,Production,2025,Solar PV,1.998568826,France,Europe,Western Europe
"HyGreen Teesside, phase I",GBR,,80.0000000,,13.8602667,Production,2025,Unknown,6.996163493,United Kingdom,Europe,Western Europe
Hydrogen Wind Turbine in Wieringerwerf,NLD,,5.0000000,,0.7496538,Production,2025,Onshore wind,1.999771493,Netherlands,Europe,Western Europe
Hydrogen Hub Agder Phase 1,NOR,,20.0000000,,3.3897391,Production,2025,Unknown,1.999049893,Norway,Europe,Northern Europe
Hydro Havrand - Hoyanger,NOR,,5.0000000,,0.7496538,Production,2025,Hydropower,1.999771493,Norway,Europe,Northern Europe
Protium - Wilton Universal Group Teeside (Phase 1),GBR,,17.2000000,,2.9799573,Production,2025,Unknown,6.999184592,United Kingdom,Europe,Western Europe
Project AIR (Perstorp - Stenungsund),SWE,,25.0000000,,4.2371739,Production,2025,Onshore wind,1.99880936,Sweden,Europe,Northern Europe
Port of Aabenraa Methanol,DNK,,60.0000000,,8.9958462,Production,2025,Solar PV,1.997125626,Denmark,Europe,Northern Europe
Port of Aabenraa,DNK,,100.0000000,,17.3253333,Production,2025,Others/Various,1.995201359,Denmark,Europe,Northern Europe
Plug Power Port of Antwerp-Bruges,BEL,,100.0000000,,14.9930769,Production,2025,Unknown,6.995201359,Belgium,Europe,Western Europe
Plansee Group - Breitenwang,AUT,,4.0000000,,0.6779478,Production,2025,Unknown,1.9998196,Austria,Europe,Central Europe
HyCOR,FRA,,20.0000000,,3.4650667,Production,2025,Unknown,1.999049893,France,Europe,Western Europe
HYBRIT demo,SWE,,500.0000000,,84.7434783,Production,2025,Unknown,1.975958689,Sweden,Europe,Northern Europe
HyBont,GBR,,5.2000000,,0.9009173,Production,2025,Unknown,6.999761872,United Kingdom,Europe,Western Europe
HyBizkaia EFuels and Mobility at Basque Hydrogen Corridor,ESP,,10.0000000,,1.7325333,Production,2025,Unknown,1.99953096,Spain,Europe,South West Europe
HYBAYERN,DEU,,2.8726592,,0.4307000,Production,2025,Unknown,9.999873833,Germany,Europe,Western Europe
Hy4Chem - BASF Ludwigshafen,DEU,,54.0000000,,8.0962615,Production,2025,Unknown,9.997414266,Germany,Europe,Western Europe
HY.Waiblingen,DEU,,2.0000000,,0.3465067,Production,2025,Unknown,4.999915813,Germany,Europe,Western Europe
Hunfeld project ,DEU,,5.0000000,,0.8662667,Production,2025,Onshore wind,4.999771493,Germany,Europe,Western Europe
Holland Hydrogen - phase 1,NLD,,200.0000000,,33.8973913,Production,2025,Offshore wind,1.990390692,Netherlands,Europe,Western Europe
Hidroversol Castilla y León,ESP,,200.0000000,,34.6506667,Production,2025,Unknown,6.990390692,Spain,Europe,South West Europe
"HH2E - Met Northeast Germany, phase 1",DEU,,100.0000000,,16.9486957,Production,2025,Others/Various,4.995201359,Germany,Europe,Western Europe
HEVO-Industria,PRT,,6.6000000,,0.9895431,Production,2025,Unknown,1.999694523,Portugal,Europe,South West Europe
HEVO Sines (Phase 1),PRT,,10.0000000,,1.4993077,Production,2025,Solar PV,1.99953096,Portugal,Europe,South West Europe
HEVO- Aveiro,PRT,,25.0000000,,3.7482692,Production,2025,Unknown,1.99880936,Portugal,Europe,South West Europe
"H2UDF, phase II",ESP,,7.5000000,,1.2994000,Production,2025,Unknown,1.999651227,Spain,Europe,South West Europe
"H2UDF, phase I",ESP,,2.5000000,,0.4331333,Production,2025,Unknown,1.99989176,Spain,Europe,South West Europe
RDSF - Metacon MoU,POL,,5.0000000,,0.8662667,Production,2025,Solar PV,1.999771493,Poland,Europe,Eastern Europe
Rabbalshede Krafts,SWE,,50.0000000,,8.6626667,Production,2025,Others/Various,1.997606693,Sweden,Europe,Northern Europe
Raahen Monivoima Kokkola,FIN,,5.7000000,,0.9875440,Production,2025,Others/Various,1.999737819,Finland,Europe,Northern Europe
PYROCO2,NOR,,2.3837925,,0.4130000,Production,2025,Unknown,6.99989735,Norway,Europe,Northern Europe
H2MUCTYNIC (Confidential data from H2 Europe),SVK,,20.0000000,,3.4650667,Production,2025,Others/Various,1.999049893,Slovakia,Europe,Central Europe
H2Iseo valley,ITA,,5.0000000,,0.8662667,Production,2025,Unknown,1.999771493,Italy,Europe,Southern Europe
H2Hub HyChem,PRT,,10.0000000,,1.6948696,Production,2025,Solar PV,1.99953096,Portugal,Europe,South West Europe
H2Hollandia,NLD,,5.0000000,,0.8662667,Production,2025,Solar PV,1.999771493,Netherlands,Europe,Western Europe
H2GO Energy Park Oude-Tonge - 1st phase,NLD,,2.5000000,,0.4331333,Production,2025,Others/Various,1.99989176,Netherlands,Europe,Western Europe
H2ermes,NLD,,100.0000000,,17.3253333,Production,2025,Unknown,1.995201359,Netherlands,Europe,Western Europe
H2BYCOL,FRA,,1.0000000,,0.1732533,Production,2025,Unknown,1.99996392,France,Europe,Western Europe
H2 Solar Rodao,PRT,,30.0000000,,5.1976000,Production,2025,Unknown,1.998568826,Portugal,Europe,South West Europe
H2 production for a H2 Fuell station ,NLD,,1.0000000,,0.1732533,Production,2025,Unknown,6.99996392,Netherlands,Europe,Western Europe
H2 Pierre-Bénite (Phase 1),FRA,,20.0000000,,3.4650667,Production,2025,Unknown,1.999049893,France,Europe,Western Europe
H2 Loire Vallée (H2LV),FRA,,4.0000000,,0.6930133,Production,2025,Unknown,1.9998196,France,Europe,Western Europe
Repsol Bilbao port synfuels project,ESP,,10.0000000,,1.6948696,Production,2025,Others/Various,1.99953096,Spain,Europe,South West Europe
Ren-Gas  P2X Tampere,FIN,,60.0000000,,10.3952000,Production,2025,Unknown,1.997125626,Finland,Europe,Northern Europe
H2 Green Steel (H2GS)  - phase 1,SWE,,800.0000000,,135.5895652,Production,2025,Hydropower,1.961526686,Sweden,Europe,Northern Europe
H2 for Ovako steel mill in Smedjebacken,SWE,,17.0000000,,2.8812783,Production,2025,Unknown,1.999194213,Sweden,Europe,Northern Europe
H2 Energy Europe Esbjerg green hydrogen,DNK,,1000.0000000,,149.9307692,Production,2025,Offshore wind,1.951905351,Denmark,Europe,Northern Europe
H2 Creteil,FRA,,2.5000000,,0.4331333,Production,2025,Others/Various,1.99989176,France,Europe,Western Europe
"H100 Fife Project, Levenmouth",GBR,,5.0000000,,0.8474348,Production,2025,Others/Various,1.999771493,United Kingdom,Europe,Western Europe
GZI Next,NLD,,10.0000000,,1.4993077,Production,2025,Others/Various,1.99953096,Netherlands,Europe,Western Europe
Grey2Green (Phase I),PRT,,100.0000000,,14.9930769,Production,2025,Unknown,1.995201359,Portugal,Europe,South West Europe
Grenzland Energie Kompakt,DEU,,4.0000000,,0.5997231,Production,2025,Others/Various,4.9998196,Germany,Europe,Western Europe
Greening of Gas (GoG) - Net4Gas DEMO,CZE,,0.4500000,,0.0779640,Production,2025,Unknown,6.999990379,Czech Republic,Europe,Central Europe
Green Hydrogen 1/HyRo Scotland,GBR,,15.0000000,,2.5988000,Production,2025,Unknown,6.999290427,United Kingdom,Europe,Western Europe
Green Fuels for Denmark - Phase 1,DNK,,10.0000000,,1.7325333,Production,2025,Others/Various,1.99953096,Denmark,Europe,Northern Europe
SolWinHy Cádiz,ESP,,69.5721160,,12.0536010,Production,2025,Others/Various,1.996665143,Spain,Europe,South West Europe
"Sines Repsol, phase 1",PRT,,4.0000000,,0.5997231,Production,2025,Solar PV,1.9998196,Portugal,Europe,South West Europe
Sines GH2 Solar,PRT,,4.0000000,,0.5997231,Production,2025,Solar PV,1.9998196,Portugal,Europe,South West Europe
SALCOS - first expansion - phase 1,DEU,,100.0000000,,17.3253333,Production,2025,Onshore wind,4.995201359,Germany,Europe,Western Europe
Green CCU Hub Aalborg,DNK,,120.0000000,,20.7904000,Production,2025,Others/Various,1.994239226,Denmark,Europe,Northern Europe
Granadilla - Endesa,ESP,,10.0000000,,1.7325333,Production,2025,Others/Various,1.99953096,Spain,Europe,South West Europe
GldH2,NLD,,2.0000000,,0.3465067,Production,2025,Unknown,1.999915813,Netherlands,Europe,Western Europe
"Gigastack-Hornsea 2, phase I",GBR,,100.0000000,,14.9930769,Production,2025,Offshore wind,1.995201359,United Kingdom,Europe,Western Europe
"GET H2 Nukleus, phase 1",DEU,,100.0000000,,14.9930769,Production,2025,Offshore wind,4.995201359,Germany,Europe,Western Europe
"G2F - Gas to Future, phase 1",SVK,,84.0000000,,14.5532800,Production,2025,Unknown,6.995971066,Slovakia,Europe,Central Europe
Freienbach plant,CHE,,10.0000000,,1.7325333,Production,2025,Unknown,1.99953096,Switzerland,Europe,Central Europe
Flexens Lempäälä,FIN,,2.5000000,,0.4331333,Production,2025,Unknown,1.99989176,Finland,Europe,Northern Europe
EuroWind Energy  Monte Das Areias ,PRT,,4.0000000,,0.6930133,Production,2025,Unknown,1.9998196,Portugal,Europe,South West Europe
"European Energy, phase II",DNK,,9.0000000,,1.5592800,Production,2025,Offshore wind,1.999579067,Denmark,Europe,Northern Europe
Ercros - Sabinanigo,ESP,,0.9000000,,0.1525383,Production,2025,Unknown,6.999968731,Spain,Europe,South West Europe
ErasmoPower2X,ESP,,500.0000000,,86.6266667,Production,2025,Solar PV,1.975958689,Spain,Europe,South West Europe
Enertrag Magdeburg,DEU,,10.0000000,,1.4993077,Production,2025,Unknown,4.99953096,Germany,Europe,Western Europe
Energi Hub Kjerlingland,NOR,,5.0000000,,0.8662667,Production,2025,Unknown,1.999771493,Norway,Europe,Northern Europe
EMEC tidal-battery-hydrogen demo,GBR,,0.6700000,,0.1004536,Production,2025,Others/Various,1.999979795,United Kingdom,Europe,Western Europe
Terranova Hydrogen,BEL,,2.5000000,,0.4331333,Production,2025,Unknown,1.99989176,Belgium,Europe,Western Europe
Terneuzen - VoltH2 - phase I,NLD,,25.0000000,,4.3313333,Production,2025,Offshore wind,1.99880936,Netherlands,Europe,Western Europe
Tees Valley Hydrogen Vehicle Ecosystem- Riverside terminal ,GBR,,3.1601124,,0.5475000,Production,2025,Unknown,1.999860004,United Kingdom,Europe,Western Europe
Tapada do Outeiro natural gas power plant ,PRT,,15.0000000,,2.5988000,Production,2025,Offshore wind,1.999290427,Portugal,Europe,South West Europe
Swedish Biofuels/COWI SAF plant,SWE,,59.3002882,,10.2739726,Production,2025,Unknown,1.997159287,Sweden,Europe,Northern Europe
Sunrhyse,FRA,,30.0000000,,4.4979231,Production,2025,Solar PV,1.998568826,France,Europe,Western Europe
EDP Ribatejo - ALHIVE Alenquer,PRT,,5.0000000,,0.7496538,Production,2025,Unknown,1.999771493,Portugal,Europe,South West Europe
E.ON H2.Ruhr wind exports from Italy,DEU,,20.0000000,,3.4650667,Production,2025,Others/Various,4.999049893,Germany,Europe,Western Europe
Duisburg Harbor,DEU,,20.0000000,,3.4650667,Production,2025,Unknown,9.999049893,Germany,Europe,Western Europe
Dimdini H2 ecosystem,LVA,,30.0000000,,5.1976000,Production,2025,Unknown,1.998568826,Latvia,Europe,Eastern Europe
DépHy2B Bastia,FRA,,5.0000000,,0.8662667,Production,2025,Solar PV,1.999771493,France,Europe,Western Europe
DépHy2A Ajaccio,FRA,,5.0000000,,0.8662667,Production,2025,Solar PV,1.999771493,France,Europe,Western Europe
CRI project in Norway (Circlenergy),NOR,,110.0000000,,19.0578667,Production,2025,Unknown,1.994720292,Norway,Europe,Northern Europe
Concrete Chemicals - II,DEU,,3.0000000,,0.6155053,Production,2025,Others/Various,4.999867707,Germany,Europe,Western Europe
Concrete Chemicals - I,DEU,,51.6853933,,8.7600000,Production,2025,Others/Various,4.997525614,Germany,Europe,Western Europe
Bradford Low Carbon Hydrogen,GBR,,24.5000000,,4.2447067,Production,2025,Unknown,6.998833413,United Kingdom,Europe,Western Europe
"Borna Hydrogen Plant, phase 1",DEU,,100.0000000,,17.3253333,Production,2025,Unknown,4.995201359,Germany,Europe,Western Europe
Bord Na Mona & BOC hydrogen project,IRL,,2.0000000,,0.3465067,Production,2025,Onshore wind,1.999915813,Ireland,Europe,Western Europe
UPM Kymmene Biorefinery Green Hydrogen production​,FIN,,20.0000000,,3.4650667,Production,2025,Unknown,1.999049893,Finland,Europe,Northern Europe
Uniper Killingholme site,GBR,,100.0000000,,17.3253333,Production,2025,Offshore wind,1.995201359,United Kingdom,Europe,Western Europe
"Trailblazer - Siemens-Air Liquide Oberhausen, Phase 2",DEU,,10.0000000,,1.4993077,Production,2025,Unknown,9.99953096,Germany,Europe,Western Europe
"TIWAG Power2X (Phase 1) (within ""Power2X Kufstein"")",AUT,,1.0000000,,0.1499308,Production,2025,Hydropower,1.99996392,Austria,Europe,Central Europe
Vordingborg biofuels,DNK,,220.8638602,,38.2654000,Production,2025,Others/Various,1.989387001,Denmark,Europe,Northern Europe
Vlissingen - VoltH2 - phase I,NLD,,25.0000000,,4.3313333,Production,2025,Offshore wind,1.99880936,Netherlands,Europe,Western Europe
Vitry H2,FRA,,2.0000000,,0.3389739,Production,2025,Unknown,1.999915813,France,Europe,Western Europe
VISION 2025,GRC,,10.0000000,,1.7325333,Production,2025,Solar PV,1.99953096,Greece,Europe,South East Europe
Vätgas Ljungby,SWE,,2.0000000,,0.3465067,Production,2025,Unknown,6.999915813,Sweden,Europe,Northern Europe
Vantaa-Wartsila methanation,FIN,,20.0000000,,3.4650667,Production,2025,Onshore wind,1.999049893,Finland,Europe,Northern Europe
Valle Peligna Green Hydrogen Project,ITA,,30.0000000,,4.4979231,Production,2025,Others/Various,1.998568826,Italy,Europe,Southern Europe
Utilitas ELY,EST,,0.2124057,,0.0360000,Production,2025,Solar PV,1.999998191,Estonia,Europe,Eastern Europe
"BENORTH2 (Amorebieta-Boroa power plant), phase 1",ESP,,20.0000000,,3.4650667,Production,2025,Unknown,1.999049893,Spain,Europe,South West Europe
Barranco de Tirajana - Endesa,ESP,,7.0000000,,1.2127733,Production,2025,Solar PV,1.99967528,Spain,Europe,South West Europe
Barataria - pHYnix,ESP,,70.0000000,,12.1277333,Production,2025,Unknown,6.996644559,Spain,Europe,South West Europe
Bad Lauchstädt energy park,DEU,,30.0000000,,5.0846087,Production,2025,Onshore wind,4.998568826,Germany,Europe,Western Europe
Axpo Brugg,CHE,,15.0000000,,2.5988000,Production,2025,Hydropower,1.999290427,Switzerland,Europe,Central Europe
AuxHYGen (Phase 2),FRA,,2.0000000,,0.3389739,Production,2025,Unknown,1.999915813,France,Europe,Western Europe
"AsturiasH2Valley, Abono",ESP,,150.0000000,,25.9880000,Production,2025,Unknown,1.992796025,Spain,Europe,South West Europe
As Pontes power plant,ESP,,100.0000000,,17.3253333,Production,2025,Onshore wind,1.995201359,Spain,Europe,South West Europe
Armor Hydrogène,FRA,,4.0000000,,0.6930133,Production,2025,Onshore wind,1.9998196,France,Europe,Western Europe
ArcelorMittal Hamburg,DEU,,50.0000000,,8.6626667,Production,2025,Unknown,9.997606693,Germany,Europe,Western Europe
AEM Nexus 500 for SAF and supply of internal hydrogen lines,DEU,,0.5000000,,0.0866267,Production,2025,Unknown,9.999987973,Germany,Europe,Western Europe
Zero Emission Valley (ZEV) - Le Cheylas,FRA,,5.0000000,,0.8662667,Production,2025,Unknown,6.999771493,France,Europe,Western Europe
Advancing Sustainable Aviation via PtL and Direct Air Capture (ASAP-DAC)  project,BGR,,3.1210678,,0.5407354,Production,2025,Unknown,1.999861882,Bulgaria,Europe,South East Europe
